nameOfSchool,location,category,zone
Head Quarters,"OKEMOSAN, ABEOKUTA",HEADQUARTERS,ABEOKUTA SOUTH
"Ado-Odo High School (Junior), Ado-Odo",ADO-ODO,JUNIOR,ADO-ODO OTA
"Agbara Community Junior High School, Edu",AGBARA COMMUNITY,JUNIOR,ADO-ODO OTA
Ajogbo Grammar School (Junior),OTA,JUNIOR,ADO-ODO OTA
Alamuwa Grammar School (Junior) Ado Odo,ADO-ODO,JUNIOR,ADO-ODO OTA
"Anglican Grammar School (Junior), Ota",OTA,JUNIOR,ADO-ODO OTA
Ansar-Ud-Deen. Comprehensive College (Junior) Ota,OTA,JUNIOR,ADO-ODO OTA
"Ansar-Ud-Deen. Comprehensive High School (Senior) Lafenwa, Ota.",OTA,JUNIOR,ADO-ODO OTA
"Community High School Junior, Alapoti",ALAPOTI,JUNIOR,ADO-ODO OTA
"Community High School Junior, Iroko Ota.",IROKO-OTA,JUNIOR,ADO-ODO OTA
Iganmode Grammar School (Junior) Ota,OTA,JUNIOR,ADO-ODO OTA
Igbesa  High School(Junior) Igbesa.,IGBESA,JUNIOR,ADO-ODO OTA
"Iju Ebiye High School (Senior), Iju, Ota",IJU-OTA,JUNIOR,ADO-ODO OTA
Local Government Secondary Commercial School [Jnr] Atan.,ATAN-OTA,JUNIOR,ADO-ODO OTA
Male Comprehensive High School(Junior) Igbesa.,IGBESA,JUNIOR,ADO-ODO OTA
"Sango Ota High School, (Jnr) Sango Ota",OTA,JUNIOR,ADO-ODO OTA
St. Stephen Comprehensive High School(Junior) Ado-Odo.,ADO-ODO,JUNIOR,ADO-ODO OTA
Unity High School (Junior) Ijoko-Ota,IJOKO-OTA,JUNIOR,ADO-ODO OTA
Unity High School (Junior) Kajola Ibooro,KAJOLA-IBOORO,JUNIOR,ADO-ODO OTA
"Ado-Odo High School (Senior), Ado-Odo",ADO-ODO,SENIOR,ADO-ODO OTA
"Agbara Community Senior High School, Edu",AGBARA ,SENIOR,ADO-ODO OTA
Ajogbo Grammar School (Senior),OTA,SENIOR,ADO-ODO OTA
Alamuwa Grammar School (Senior) Ado Odo,ADO-ODO,SENIOR,ADO-ODO OTA
"Anglican Grammar School (Senior), Ota",OTA,SENIOR,ADO-ODO OTA
Ansar-Ud-Deen. Comprehensive College (Senior) Ota,OTA,SENIOR,ADO-ODO OTA
"Ansar-Ud-Deen. Comprehensive High School (Senior) Lafenwa, Ota.",OTA,SENIOR,ADO-ODO OTA
"Community High School Senior, Alapoti",ALAPOTI,SENIOR,ADO-ODO OTA
"Community High School Snr, Iroko Ota.",IROKO-OTA,SENIOR,ADO-ODO OTA
Iganmode Grammar School (Senior) Ota,OTA,SENIOR,ADO-ODO OTA
Igbesa  High School(Senior) Igbesa.,IGBESA,SENIOR,ADO-ODO OTA
"Iju Ebiye High School (Senior), Iju, Ota",IJU-OTA,SENIOR,ADO-ODO OTA
Local Government Secondary Commercial School [Snr] Atan.,ATAN-OTA,SENIOR,ADO-ODO OTA
Male Comprehensive High School(Senior) Igbesa.,IGBESA,SENIOR,ADO-ODO OTA
"Sango Ota High School, (Snr) Sango Ota",OTA,SENIOR,ADO-ODO OTA
St. Stephen Comprehensive High School(Senior) Ado-Odo.,ADO-ODO,SENIOR,ADO-ODO OTA
Unity High School (Senior) Ijoko-Ota,IJOKO-OTA,SENIOR,ADO-ODO OTA
Unity High School (Senior) Kajola Ibooro,KAJOLA-IBOORO,SENIOR,ADO-ODO OTA
Adie Owe Comm High School,ADIE-OWE,COMBINED ,ADO-ODO OTA
African Church Comm. H. School,OTA,COMBINED ,ADO-ODO OTA
"Agbara Grammar School, Agbara",AGBARA,COMBINED ,ADO-ODO OTA
"Ansar-Ud Deen Compre College,Itele",OTA,COMBINED ,ADO-ODO OTA
"Araromi Community High School, Orita",OTA,COMBINED ,ADO-ODO OTA
"Community High School,Igbala",OTA,COMBINED ,ADO-ODO OTA
"Ejila Awori Community Secondary School, Ota.",OTA,COMBINED ,ADO-ODO OTA
Ilogbo Asowo Community High Sch,ILOGBO-ASOWO,COMBINED ,ADO-ODO OTA
"Iyesi-Ota High School,Iyesi  -Ota Situation Report On Public Sec. Schools.",OTA,COMBINED ,ADO-ODO OTA
"St Michael'S High School,Ota",OTA,COMBINED ,ADO-ODO OTA
"Toyon High School, Ere",ADO-ODO,COMBINED ,ADO-ODO OTA
Community Sec Oko Baale,OTA,COMBINED ,ADO-ODO OTA
"Gbenopo Community Grammar School,Bandu",OTA,COMBINED ,ADO-ODO OTA
"Owode Ota Grammar School, Ijako.",OTA,COMBINED ,ADO-ODO OTA
Oke-Ore Grammar School,OTA,COMBINED ,ADO-ODO OTA
Yema Community  Situation Report On Public Sec. Schools.,OTA,COMBINED ,ADO-ODO OTA
"Abeokuta Girls Grammar School, Onikolobo",ABEOKUTA,JUNIOR,ABEOKUTA SOUTH
"Abeokuta Grammar School, Idi Aba",ABEOKUTA,JUNIOR,ABEOKUTA SOUTH
"Anglican High School, Quarry Road, Ibara",ABEOKUTA,JUNIOR,ABEOKUTA SOUTH
"Asero High School, Asero",ABEOKUTA,JUNIOR,ABEOKUTA SOUTH
"Baptist Boys' High, Saje",ABEOKUTA,JUNIOR,ABEOKUTA SOUTH
"Baptist Girls' College School, Idi Aba",ABEOKUTA,JUNIOR,ABEOKUTA SOUTH
"Catholic Comprehensivve High School, Panseke, Ibara",ABEOKUTA,JUNIOR,ABEOKUTA SOUTH
"Egba Comprehensive High School, Asero",ABEOKUTA,JUNIOR,ABEOKUTA SOUTH
"Igbore High School, Igbore",ABEOKUTA,JUNIOR,ABEOKUTA SOUTH
"Ijemo-Titun High School, Housing Estate, Ibara",ABEOKUTA,JUNIOR,ABEOKUTA SOUTH
"Lantoro High School, Lantoro",ABEOKUTA,JUNIOR,ABEOKUTA SOUTH
"Lisabi Grammar School, Idi Aba",ABEOKUTA,JUNIOR,ABEOKUTA SOUTH
"Macjob Grammar School, Onikolobo",ABEOKUTA,JUNIOR,ABEOKUTA SOUTH
"Methodist High School, Ogbe",ABEOKUTA,JUNIOR,ABEOKUTA SOUTH
"Nawair-Un-Deen High School, Isabo",ABEOKUTA,JUNIOR,ABEOKUTA SOUTH
"Reverend Kuti Memorial Grammar School, Isabo",ABEOKUTA,JUNIOR,ABEOKUTA SOUTH
"Saje High School, Saje",ABEOKUTA,JUNIOR,ABEOKUTA SOUTH
"Saint John'S Anglican High School, Kuto",ABEOKUTA,JUNIOR,ABEOKUTA SOUTH
"Saint Leo’S College, Onikoko",ABEOKUTA,JUNIOR,ABEOKUTA SOUTH
"Abeokuta Girls Grammar School, Onikolobo",ABEOKUTA,SENIOR,ABEOKUTA SOUTH
"Abeokuta Grammar School, Idi Aba",ABEOKUTA,SENIOR,ABEOKUTA SOUTH
"Agunbiade Victory High School, Magbon",ABEOKUTA,SENIOR,ABEOKUTA SOUTH
"Anglican High School, Quarry Road, Ibara",ABEOKUTA,SENIOR,ABEOKUTA SOUTH
"Asero High School, Asero",ABEOKUTA,SENIOR,ABEOKUTA SOUTH
"Baptist Boys' High, Saje",ABEOKUTA,SENIOR,ABEOKUTA SOUTH
"Baptist Girls' College School, Idi Aba",ABEOKUTA,SENIOR,ABEOKUTA SOUTH
"Catholic Comprehensivve High School, Panseke, Ibara",ABEOKUTA,SENIOR,ABEOKUTA SOUTH
"Egba Comprehensive High School, Asero",ABEOKUTA,SENIOR,ABEOKUTA SOUTH
"Igbore High School, Igbore",ABEOKUTA,SENIOR,ABEOKUTA SOUTH
"Ijemo-Titun High School, Housing Estate, Ibara",ABEOKUTA,SENIOR,ABEOKUTA SOUTH
"Lantoro High School, Lantoro",ABEOKUTA,SENIOR,ABEOKUTA SOUTH
"Lisabi Grammar School, Idi Aba",ABEOKUTA,SENIOR,ABEOKUTA SOUTH
"Macjob Grammar School, Onikolobo",ABEOKUTA,SENIOR,ABEOKUTA SOUTH
"Methodist High School, Ogbe",ABEOKUTA,SENIOR,ABEOKUTA SOUTH
"Nawair-Un-Deen High School, Isabo",ABEOKUTA,SENIOR,ABEOKUTA SOUTH
"Reverend Kuti Memorial Grammar School, Isabo",ABEOKUTA,SENIOR,ABEOKUTA SOUTH
"Saje High School, Saje",ABEOKUTA,SENIOR,ABEOKUTA SOUTH
"Saint John'S Anglican High School, Kuto",ABEOKUTA,SENIOR,ABEOKUTA SOUTH
"Saint Leo’S College, Onikoko",ABEOKUTA,SENIOR,ABEOKUTA SOUTH
"Arican Church Grammar School (Jnr), Ita- Iyalode",ABEOKUTA,JUNIOR,ABEOKUTA NORTH 
"Armyday Secondary School, (Jnr), Alamala",ABEOKUTA,JUNIOR,ABEOKUTA NORTH 
"Ebenezer Grammar School, (Jnr), Iberekodo",ABEOKUTA,JUNIOR,ABEOKUTA NORTH 
"Gateway Secondary School, (Jnr), Ita - Eko",ABEOKUTA,JUNIOR,ABEOKUTA NORTH 
"Ilugun High School (Jnr), Elega",ABEOKUTA,JUNIOR,ABEOKUTA NORTH 
"Lafenwa High School (Jnr), Lafenwa",ABEOKUTA,JUNIOR,ABEOKUTA NORTH 
"Premier Grammar School (Jnr), Lafenwa",ABEOKUTA,JUNIOR,ABEOKUTA NORTH 
"St. Peter'S College,(Jnr) Olomore",ABEOKUTA,JUNIOR,ABEOKUTA NORTH 
"Unity High School,(Jnr) Ago- Ika",ABEOKUTA,JUNIOR,ABEOKUTA NORTH 
"Arican Church Grammar School (Snr), Ita- Iyalode",ABEOKUTA,SENIOR,ABEOKUTA NORTH 
"Armyday Secondary School, (Snr), Alamala",ABEOKUTA,SENIOR,ABEOKUTA NORTH 
"Ebenezer Grammar School, (Snr), Iberekodo",ABEOKUTA,SENIOR,ABEOKUTA NORTH 
"Gateway Secondary School, (Snr), Ita - Eko",ABEOKUTA,SENIOR,ABEOKUTA NORTH 
"Ilugun High School (Snr), Elega",ABEOKUTA,SENIOR,ABEOKUTA NORTH 
"Lafenwa High School (Snr), Lafenwa",ABEOKUTA,SENIOR,ABEOKUTA NORTH 
"Premier Grammar School (Snr), Lafenwa",ABEOKUTA,SENIOR,ABEOKUTA NORTH 
"St. Peter'S College,(Snr) Olomore",ABEOKUTA,SENIOR,ABEOKUTA NORTH 
"Unity High School,(Snr) Ago- Ika",ABEOKUTA,SENIOR,ABEOKUTA NORTH 
"Ajiboyede Comprhensive High School, Ibara - Orile",IBARA-ORILE,COMBINED,ABEOKUTA NORTH 
"Ansar-Ud- Deen Grammar School, Isaga Orile",ISAGA ORILE,COMBINED,ABEOKUTA NORTH 
"Idi- Emi High School, Idi Emi",IDI EMI,COMBINED,ABEOKUTA NORTH 
"Ikija High School, Ikija",ABEOKUTA,COMBINED,ABEOKUTA NORTH 
"Ilewo Community High School, Ilewo",ILEWO-ORILE,COMBINED,ABEOKUTA NORTH 
"Imala Community High School, Imala",IMALA,COMBINED,ABEOKUTA NORTH 
"Oke- Ona Grammar School, Oke- Ona",ABEOKUTA,COMBINED,ABEOKUTA NORTH 
"Olorunda Community High School, Olorunda",ABEOKUTA,COMBINED,ABEOKUTA NORTH 
"Olumo High School, Sabo",ABEOKUTA,COMBINED,ABEOKUTA NORTH 
"Army Day Junior Sec. Sch,. Owode",OWODE-YEWA,JUNIOR,YEWA SOUTH
"Area Comm. High Sch., Jnr, Owode",OWODE-YEWA,JUNIOR,YEWA SOUTH
"Owode  Sec. School Jnr., Owode",OWODE-YEWA,JUNIOR,YEWA SOUTH
Iyewa High School Jnr. Ajilete,AJILETE,JUNIOR,YEWA SOUTH
"Muslim Prog. High Sch., Oke-Odan",OKE-ODAN,JUNIOR,YEWA SOUTH
"Emmanuel Comm. High Sch., Ilaro",ILARO,JUNIOR,YEWA SOUTH
"Oronna High School, Jnr, Ilaro",ILARO,JUNIOR,YEWA SOUTH
"Anglican Gramm, Sch. Ilaro",ILARO,JUNIOR,YEWA SOUTH
"Itolu Comm. H/S Junior, Ilaro",ILARO,JUNIOR,YEWA SOUTH
"Yewa College Junior, Ilaro",ILARO,JUNIOR,YEWA SOUTH
"Iwoye Area Comm. H/S, Iwoye.",IWOYE-KETU,JUNIOR,YEWA SOUTH
"Army Day Senior Sec. Sch,. Owode",OWODE-YEWA,SENIOR,YEWA SOUTH
"Area Comm. High Sch., Snr, Owode",OWODE-YEWA,SENIOR,YEWA SOUTH
"Owode  Sec. School Snr., Owode",OWODE-YEWA,SENIOR,YEWA SOUTH
Iyewa High School Snr. Ajilete,ILARO,SENIOR,YEWA SOUTH
"Muslim Prog. High Sch., Oke-Odan",OKE-ODAN,SENIOR,YEWA SOUTH
"Emmanuel Comm. High Sch., Ilaro",ILARO,SENIOR,YEWA SOUTH
"Oronna High School, Snr, Ilaro",ILARO,SENIOR,YEWA SOUTH
"Anglican Gramm, Sch. Ilaro",ILARO,SENIOR,YEWA SOUTH
"Itolu Comm. H/S Senior, Ilaro",ILARO,SENIOR,YEWA SOUTH
"Yewa College Senior, Ilaro",ILARO,SENIOR,YEWA SOUTH
"Iwoye Area Comm. H/S, Iwoye.",IWOYE-KETU,SENIOR,YEWA SOUTH
"Area Comm. High Sch.,  Olokuta",OWODE-YEWA,COMBINED,YEWA SOUTH
"Baptist High School,Ilaro",ILARO,COMBINED,YEWA SOUTH
Ilobi/Erinja Comm.High Sch Ilobi,ILARO,COMBINED,YEWA SOUTH
"Idogo/Ipaja Comm.High Sch,Idgo",ILARO,COMBINED,YEWA SOUTH
"Oke - Odan Gram. Sch,Oke-Odan",OKE-ODAN,COMBINED,YEWA SOUTH
Owo Community High Sch.Owo,OWO,COMBINED,YEWA SOUTH
Ajoda High School (Junior) Ayetoro,AYETORO,JUNIOR,YEWA NORTH
Alaye High School (Junior) Ayetoro,AYETORO,JUNIOR,YEWA NORTH
Ayetoro Community Grammar School (Junior) Ayetoro,AYETORO,JUNIOR,YEWA NORTH
Community High School (Junior) Ijoun,IJOUN,JUNIOR,YEWA NORTH
Comprehensive High School (Junior) Ayetoro,AYETORO,JUNIOR,YEWA NORTH
Ketu College (Junior) Igan - Alade,IGAN-ALADE,JUNIOR,YEWA NORTH
Oluaso High School (Junior) Imasayi,IMASAYI,JUNIOR,YEWA NORTH
Orita Community High School (Junior) Oja Odan,OJA-ODAN,JUNIOR,YEWA NORTH
Owode Ketu Commercial High School (Junior) Owode Ketu,OWODE-KETU,JUNIOR,YEWA NORTH
Yewa Secondary School (Junior) Igbogila,IGBOGILA,JUNIOR,YEWA NORTH
Ajoda High School (Senior) Ayetoro,AYETORO,SENIOR,YEWA NORTH
Alaye High School (Senior) Ayetoro,AYETORO,SENIOR,YEWA NORTH
Ayetoro Community Grammar School (Senior) Ayetoro,AYETORO,SENIOR,YEWA NORTH
Community High School (Senior) Ijoun,IJOUN,SENIOR,YEWA NORTH
Comprehensive High School (Senior) Ayetoro,AYETORO,SENIOR,YEWA NORTH
Ketu College (Senior) Igan - Alade,IGAN-ALADE,SENIOR,YEWA NORTH
Oluaso High School (Senior) Imasayi,IMASAYI,SENIOR,YEWA NORTH
Orita Community High School (Senior) Oja Odan,OJA-ODAN,SENIOR,YEWA NORTH
Owode Ketu Commercial High School (Senior) Owode Ketu,OWODE-KETU,SENIOR,YEWA NORTH
Yewa Secondary School (Senior) Igbogila,IGBOGILA,SENIOR,YEWA NORTH
"Adokun High School, Igan Okoto",IGAN-OKOTO,COMBINED,YEWA NORTH
Area Community High School ,IBEKU,COMBINED,YEWA NORTH
"Asakanran Grammar School, Ibese",IBESE,COMBINED,YEWA NORTH
"Community High School, Ebute-Igbooro",EBUTE-IGBOORO,COMBINED,YEWA NORTH
"Community High School, Agbon-Ojodu",AGBON-OJODU,COMBINED,YEWA NORTH
"Community Comprehensive High School, Eggua",EGGUA,COMBINED,YEWA NORTH
Community High School Ohunbe,OHUNBE,COMBINED,YEWA NORTH
Eyinni Comp. High School Iboro,IBOORO,COMBINED,YEWA NORTH
"F.A.C.M(Una) High School, Igbogila",IGBOGILA,COMBINED,YEWA NORTH
"Community Grammar School, Igbokofi",IGBOKOFI,COMBINED,YEWA NORTH
"Ketu Community High School, Ijale Ketu",IJALE-KETU,COMBINED,YEWA NORTH
Muslim Community High School Oja Odan,OJA-ODAN,COMBINED,YEWA NORTH
"Obalaju High School, Joga Orile",JOGA-ORILE,COMBINED,YEWA NORTH
"Sawonjo High School, Sawonjo",SAWONJO,COMBINED,YEWA NORTH
"Ode Remo High School (Junior), Ode Remo",ODE-REMO,JUNIOR,REMO NORTH
"Ode Remo High School (Senior), Ode Remo",ODE-REMO,SENIOR,REMO NORTH
"Isara Secondary School, Isara Remo",ISARA-REMO,COMBINED,REMO NORTH
"Iyankan High School, Isara Remo",ISARA-REMO,COMBINED,REMO NORTH
"Orile Oko Community High School, Isan",ORILE-OKO,COMBINED,REMO NORTH
"Saapade Grammar School, Saapade",SAAPADE-REMO,COMBINED,REMO NORTH
"Ipara Community High School, Ipara Remo",IPARA-REMO,COMBINED,REMO NORTH
"Ilara/Akaka Community Grammar School, Ilara",ILARA-REMO,COMBINED,REMO NORTH
"Batoro Community High School, Sagamu",SAGAMU,JUNIOR,SAGAMU
"Makun High School, Sagamu",SAGAMU,JUNIOR,SAGAMU
"Methodist Comprehensive College, Sagamu",SAGAMU,JUNIOR,SAGAMU
"Muslim High School, Sagamu",SAGAMU,JUNIOR,SAGAMU
"Ogijo Community High School, Ogijo",OGIJO,JUNIOR,SAGAMU
"Remo Divisional High School, Sagamu",SAGAMU,JUNIOR,SAGAMU
"Remo Secondary School, Sagamu",SAGAMU,JUNIOR,SAGAMU
"Sagamu High School, Sagamu",SAGAMU,JUNIOR,SAGAMU
"Sonyindo Community High School, Sagamu",SAGAMU,JUNIOR,SAGAMU
"Batoro Community High School, Sagamu",SAGAMU,SENIOR,SAGAMU
"Makun High School, Sagamu",SAGAMU,SENIOR,SAGAMU
"Methodist Comprehensive College, Sagamu",SAGAMU,SENIOR,SAGAMU
"Muslim High School, Sagamu",SAGAMU,SENIOR,SAGAMU
"Ogijo Community High School, Ogijo",OGIJO,SENIOR,SAGAMU
"Remo Divisional High School, Sagamu",SAGAMU,SENIOR,SAGAMU
"Remo Secondary School, Sagamu",SAGAMU,SENIOR,SAGAMU
"Sagamu High School, Sagamu",SAGAMU,SENIOR,SAGAMU
"Sonyindo Community High School, Sagamu",SAGAMU,SENIOR,SAGAMU
"Agbele Community High School, Sagamu",SAGAMU,SENIOR,SAGAMU
"Community Grammar School, Ode-Lemo",ODE-LEMO,COMBINED,SAGAMU
"Daniel Comprehensive High School, Sagamu",SAGAMU,COMBINED,SAGAMU
"Ijagba Community High School, Sotubo",SOTUBO,COMBINED,SAGAMU
"Muleruwa Community High School, Gbaga",OGIJO,COMBINED,SAGAMU
"Ofin High School, Sagamu",SAGAMU,COMBINED,SAGAMU
"Olomimeji Community High School, Emuren",EMUREN,COMBINED,SAGAMU
"Simawa Community High School, Simawa",SIMAWA,COMBINED,SAGAMU
"St. John'S Anglican Grammar School, Ode-Lemo",ODE-LEMO,COMBINED,SAGAMU
"Ogo-Oluwa C Ommunity Model Secondary School, Ajegunle, Ogijo",OGIJO,COMBINED,SAGAMU
"Ahmadiyya Comprehensive High School,Oni",ONI,JUNIOR,OGUN WATERSIDE
"Community High School,Ibiade",IBIADE,JUNIOR,OGUN WATERSIDE
Ilusin Grammar School Ilusin,ILUSIN,JUNIOR,OGUN WATERSIDE
"St. Kizito'S High School, Iwopin.",IWOPIN,JUNIOR,OGUN WATERSIDE
Ibiade Comprehensive High School ,IBIADE,JUNIOR,OGUN WATERSIDE
"Ayila High School, Ayila",AYILA,JUNIOR,OGUN WATERSIDE
Abigi  Community  Grammar  School,ABIGI,COMBINED,OGUN WATERSIDE
"Ayede Comp. High  School, Ayede",AYEDE,COMBINED,OGUN WATERSIDE
"Efire Community High School,Efire",EFIRE,COMBINED,OGUN WATERSIDE
"Ibu Community Grammar School, Ibu",OGUN WATERSIDE,COMBINED,OGUN WATERSIDE
"Itebu Manuwa Comprehensive High School,Itebu Manuwa",ITEBU MANUWA,COMBINED,OGUN WATERSIDE
"Lomiro High School, Lomiro",LOMIRO,COMBINED,OGUN WATERSIDE
"Makun Omi Comprehensive High School,Makun Omi",MAKUN-OMI,COMBINED,OGUN WATERSIDE
"Ode Omi Community Grammar Sch, Ode Omi. Ogun Waterside",ODE-OMI,COMBINED,OGUN WATERSIDE
"Ahmadiyya Comprehensive High School,Oni",ONI,SENIOR,OGUN WATERSIDE
"Community High School,Ibiade",IBIADE,SENIOR,OGUN WATERSIDE
Ilusin Grammar School Ilusin,IL;USIN,SENIOR,OGUN WATERSIDE
"St. Kizito'S High School, Iwopin.",IWOPIN,SENIOR,OGUN WATERSIDE
Ibiade Comprehensive High School ,IBIADE,SENIOR,OGUN WATERSIDE
"Ayila High School, Ayila",AYILA,SENIOR,OGUN WATERSIDE
"Community High School (Junior), Ibafo",IBAFO,JUNIOR,OBAFEMI OWODE
"Ogunmakin High School (Junior), Sowunmi",OGUNMAKIN,JUNIOR,OBAFEMI OWODE
"Owode High School (Junior), Owode Egba",OWODE-EGBA,JUNIOR,OBAFEMI OWODE
"Ajebo Community High School (Junior), Ajebo",AJEBO,JUNIOR,OBAFEMI OWODE
"Egba Owode Grammar School (Junior), Owode",OWODE-EGBA,JUNIOR,OBAFEMI OWODE
"Egba Obafemi Community High School (Junior), Obafemi",OBAFEMI,JUNIOR,OBAFEMI OWODE
"Ofada Community High School (Junior), Ofada",OFADA,JUNIOR,OBAFEMI OWODE
"Community High School (Senior), Ibafo",IBAFO,SENIOR,OBAFEMI OWODE
"Ogunmakin High School (Senior), Sowunmi",OGUNMAKIN,SENIOR,OBAFEMI OWODE
"Owode High School (Senior), Owode Egba",OWODE-EGBA,SENIOR,OBAFEMI OWODE
"Ajebo Community High School (Senior), Ajebo",AJEBO,SENIOR,OBAFEMI OWODE
"Egba Owode Grammar School (Senior), Owode",OWODE-EGBA,SENIOR,OBAFEMI OWODE
"Egba Obafemi Community High School (Senior), Obafemi",OBAFEMI,SENIOR,OBAFEMI OWODE
"Ofada Community High School (Senior), Ofada",OFADA,SENIOR,OBAFEMI OWODE
"Kobape Community High School (Combined), Kobape",KOBAPE,COMBINED,OBAFEMI OWODE
"Oba Community High School (Combined), Oba",OBAFEMI,COMBINED,OBAFEMI OWODE
"Orile Igbore Grammar School (Combined), Ajura",AJURA,COMBINED,OBAFEMI OWODE
"Adesanolu Community High School (Combined), Mowe",MOWE,COMBINED,OBAFEMI OWODE
"Olorunkole Grammar School (Combined), Kajola",KAJOLA-IBOORO,COMBINED,OBAFEMI OWODE
"Community High School (Combined), Iro",IRO,COMBINED,OBAFEMI OWODE
"Alapako-Oni Community High School (Combined), Alapako-Oni",ALAPAKO-ONI,COMBINED,OBAFEMI OWODE
"Magboro Community High School (Combined), Magboro",MAGBORO,COMBINED,OBAFEMI OWODE
"Community High School, Abaren",ABAREN,COMBINED,OBAFEMI OWODE
"Alagbe Community High School, Alagbe",ALAGBE,COMBINED,IMEKO AFON
"Community Comprehensive College, Idofa",IDOFA,COMBINED,IMEKO AFON
"Community Comprehensive High School, Atapele",ATAPELE,COMBINED,IMEKO AFON
"Community Comprehensive High School, Oke-Agbede",OKE-AGBEDE,COMBINED,IMEKO AFON
"Community High School, Afon",AFON,COMBINED,IMEKO AFON
"Community High School, Moriwi",MORIWI,COMBINED,IMEKO AFON
"Muslim Grammar School, Imeko ",IMEKO,COMBINED,IMEKO AFON
"Muslim High School, Ilara-Yewa",ILARA-YEWA,COMBINED,IMEKO AFON
"Obada Grammar School, Obada",OBADA IDI-EMI,COMBINED,IMEKO AFON
"Alaketu High School, Imeko",IMEKO,SENIOR,IMEKO AFON
"Community High School, Idi-Ayin.",IDI-AYIN,SENIOR,IMEKO AFON
"Iwoye-Ketu Community High School, Iwoye-Ketu.",IWOYE-KETU,SENIOR,IMEKO AFON
"Community High School, Ilara-Yewa.",ILARA-YEWA,SENIOR,IMEKO AFON
"Nazareth High School, Imeko.",IMEKO,SENIOR,IMEKO AFON
"Alaketu High School, Imeko",IMEKO,JUNIOR,IMEKO AFON
"Community High School, Idi-Ayin.",IDI-AYIN,JUNIOR,IMEKO AFON
"Iwoye-Ketu Community High School, Iwoye-Ketu.",IWOYE-KETU,JUNIOR,IMEKO AFON
"Community High School, Ilara-Yewa.",ILARA-YEWA,JUNIOR,IMEKO AFON
"Nazareth High School, Imeko.",IMEKO,JUNIOR,IMEKO AFON
"Salawu Abiola Comprehensive High School (Jnr), Osiele",OSIELE,JUNIOR,ODEDA
"Salawu Abiola Comprehensive High School (Snr), Osiele",OSIELE,SENIOR,ODEDA
"Nawair-Ud-Deen Grammar School (Jnr), Obantoko",OBANTOKO,JUNIOR,ODEDA
"Nawair-Ud-Deen Grammar School (Snr), Obantoko",OBANTOKO,SENIOR,ODEDA
"Egba Odeda High School (Jnr), Odeda",ODEDA,JUNIOR,ODEDA
"Egba Odeda High School (Snr), Odeda",ODEDA,SENIOR,ODEDA
Orile Ilugun Comprehensive High School(Jnr) Orile Ilugun,ORILE-ILUGUN,JUNIOR,ODEDA
Orile Ilugun Comprehensive High School(Snr) Orile Ilugun,ORILE-ILUGUN,SENIOR,ODEDA
"Orile Keesi Grammar School(Jnr), Olodo",OLODO,JUNIOR,ODEDA
"Orile Keesi Grammar School(Snr), Olodo",OLODO,SENIOR,ODEDA
"Orile Kemta Comprehensive High School (Jnr), Olugbo",OLUGBO,JUNIOR,ODEDA
"Orile Kemta Comprehensive High School (Snr), Olugbo",OLUGBO,SENIOR,ODEDA
"Muslim High School, Isolu",ISOLU,COMBINED,ODEDA
"Alabata Community High School, Alabata",ALABATA,COMBINED,ODEDA
"Olokemeji High School, Olokemeji",OLOKEMEJI,COMBINED,ODEDA
"Alagbagba Community High School, Alagbagba",ALAGBAGBA,COMBINED,ODEDA
"Orile Iporo Community High School, Orile Iporo ",ORILE IPORO,COMBINED,ODEDA
"Emulu Comprehensive High School, Orile Itesi",ORILE ITESI,COMBINED,ODEDA
"Methodist High School(Senior), Arigbajo.",ARIGBAJO.,SENIOR,EWEKORO
"Papalanto High School (Senior), Papalanto.",PAPALANTO.,SENIOR,EWEKORO
"Itori Comprehensive High School (Senior), Itori.",ITORI.,SENIOR,EWEKORO
"Methodist High School(Junior), Arigbajo.",ARIGBAJO.,JUNIOR,EWEKORO
"Papalanto High School (Junior), Papalanto.",PAPALANTO.,JUNIOR,EWEKORO
"Itori Comprehensive High School (Junior), Itori.",ITORI.,JUNIOR,EWEKORO
"Ifedapo Community Comprehensive High School, Ajegunle-Abalabi.",AJEGUNLE-ABALABI,COMBINED,EWEKORO
"Community Comprehensive High School, Owowo.",OWOWO,COMBINED,EWEKORO
"United Comprehensive High School, Wasinmi.",WASINMI,COMBINED,EWEKORO
"Akin Ogunpola Model College, Akinale.",AKINALE,COMBINED,EWEKORO
"Olorunda Community Comprehensive High School, Olorunda.",OLORUNDA,COMBINED,EWEKORO
"Adeoye Lambo Memorial High School, Obada-Oko.",OBADA-OKO,COMBINED,EWEKORO
"Owu Community Comprehensive High School, Elere-Adubi.",ELERE-ADUBI,COMBINED,EWEKORO
"Christ Apostolic Grammar School (Junior),Iperu",IPERU-REMO,JUNIOR,IKENNE
"Ikenne Community High School(Junior), Ikenne",IKENNE,JUNIOR,IKENNE
"Ilisan High School (Junior),Ilishan",ILISAN-REMO,JUNIOR,IKENNE
"Isanbi Comprehensive High School (Junior),Ilishan",ILISAN-REMO,JUNIOR,IKENNE
"Mayflower School (Junior),Ikenne",IKENNE,JUNIOR,IKENNE
"Ositelu Memorial College (Junior),Ogere",OGERE-REMO,JUNIOR,IKENNE
"United High School (Junior),Ikenne",IKENNE,JUNIOR,IKENNE
"Christ Apostolic Grammar School(Senior),Iperu",IPERU-REMO,SENIOR,IKENNE
"Ikenne Community High School(Senior), Ikenne",IKENNE,SENIOR,IKENNE
"Ilisan High School(Senior),Ilishan",ILISAN-REMO,SENIOR,IKENNE
"Isanbi Comprehensive High School(Senior),Ilishan",ILISAN-REMO,SENIOR,IKENNE
"Mayflower School (Senior),Ikenne",IKENNE,SENIOR,IKENNE
"Ositelu Memorial College (Senior),Ogere",OGERE-REMO,SENIOR,IKENNE
"United High School (Senior)L, Ikenne",IKENNE,SENIOR,IKENNE
"Ajagbe High School,Iperu",IPERU-REMO,COMBINED,IKENNE
"Akesan Community Grammar School,Iperu",IPERU-REMO,COMBINED,IKENNE
"Irolu Community High School,Irolu",IROLU-REMO,COMBINED,IKENNE
"Ogere Community High School,Ogere",OGERE-REMO,COMBINED,IKENNE
Abobi Comprehesive High School Junior Ago Iwoye,AGO IWOYE,JUNIOR,IJEBU NORTH
Abusi Odumare Academy Junior Ijebu Igbo,IJEBU IGBO,JUNIOR,IJEBU NORTH
Ago Iwoye Secondary School Junior Ago Iwoye,AGO IWOYE,JUNIOR,IJEBU NORTH
Ahmadiyya High School Junior Ago Iwoye,AGO IWOYE,JUNIOR,IJEBU NORTH
Beje High School Junior Ijebu Igbo,IJEBU IGBO,JUNIOR,IJEBU NORTH
Fowoseje Comprehensive High School Junior Ago Iwoye,AGO IWOYE,JUNIOR,IJEBU NORTH
Itamerin Comprehensive High School Junior Oru Ijebu,ORU IJEBU,JUNIOR,IJEBU NORTH
Japara High School Junior Ijebu Igbo,IJEBU IGBO,JUNIOR,IJEBU NORTH
Kegbo Community Comprehensive High School Junior Ijebu Igbo,IJEBU IGBO,JUNIOR,IJEBU NORTH
Methodist Comprehensive High School Junior Ago Iwoye,AGO IWOYE,JUNIOR,IJEBU NORTH
Muslim High School Junior Ago Iwoye,AGO IWOYE,JUNIOR,IJEBU NORTH
Obanta Comprehensive High School Junior Awa Ijebu ,AWA IJEBU,JUNIOR,IJEBU NORTH
Shamsudeen Grammar School Junior Ijebu-Igbo,IJEBU-IGBO,JUNIOR,IJEBU NORTH
Sopen Comprehensive High School Junior Ijebu-Igbo,IJEBU-IGBO,JUNIOR,IJEBU NORTH
Molusi College Junior Ijebu Igbo,IJEBU-IGBO,JUNIOR,IJEBU NORTH
Ijebu Igbo Girls Grammar School Ijebu-Igbo,IJEBU-IGBO,JUNIOR,IJEBU NORTH
Abobi Comprehensive High School Senior Ago Iwoye,AGO IWOYE,SENIOR,IJEBU NORTH
Abusi Odumare Academy Senior Ijebu Igbo,IJEBU IGBO,SENIOR,IJEBU NORTH
Ago Iwoye Secondary School Senior Ago Iwoye,AGO IWOYE,SENIOR,IJEBU NORTH
Ahmadiyya High School Senior Ago Iwoye,AGO IWOYE,SENIOR,IJEBU NORTH
Beje High School Senior Ijebu Igbo,IJEBU IGBO,SENIOR,IJEBU NORTH
Fowoseje Comprehensive High School Senior Ago Iwoye,AGO IWOYE,SENIOR,IJEBU NORTH
Itamerin Comprehensive High School Senior Oru Ijebu,ORU IJEBU,SENIOR,IJEBU NORTH
Japara High School Senior Ijebu Igbo,IJEBU IGBO,SENIOR,IJEBU NORTH
Kegbo Community Comprehensive High School Senior Ijebu Igbo,IJEBU IGBO,SENIOR,IJEBU NORTH
Methodist Comprehensive High School Senior Ago Iwoye,AGO IWOYE,SENIOR,IJEBU NORTH
Musilm High School Senior Ago Iwoye,AGO IWOYE,SENIOR,IJEBU NORTH
Obanta Comprehensive High School Senior Awa Ijebu ,AWA IJEBU,SENIOR,IJEBU NORTH
Shamsudeen Grammar School Senior Ijebu-Igbo,IJEBU-IGBO,SENIOR,IJEBU NORTH
Sopen Comprehensive High School Senior Ijebu-Igbo,IJEBU-IGBO,SENIOR,IJEBU NORTH
Molusi College Senior Ijebu Igbo,IJEBU-IGBO,SENIOR,IJEBU NORTH
Ijebu Igbo Girls Grammar School Senior Ijebu-Igbo,IJEBU-IGBO,SENIOR,IJEBU NORTH
Ladugbo Community Comprehensive High School Ijebu Igbo,IJEBU-IGBO,COMBINED,IJEBU NORTH
Mamu Community Comprehensive High School Mamu Ijebu,MAMU IJEBU,COMBINED,IJEBU NORTH
Olokine Grammar School Ijebu-Igbo,IJEBU-IGBO,COMBINED,IJEBU NORTH
"Isoyin Grammar School, Junior.",ISOYIN,JUNIOR, IJEBU NORTH EAST
"Ogbogbo Baptist Grammar School,Junior.",OGBOGBO,JUNIOR, IJEBU NORTH EAST
"Ilese Comprehensive High School, Junior",ILESE,JUNIOR, IJEBU NORTH EAST
"Deyo-Tuwo Comprehensive High School, Junior",ODODEYO,JUNIOR, IJEBU NORTH EAST
"Isoyin Grammar School, Senior.",ISOYIN,SENIOR, IJEBU NORTH EAST
"Ogbogbo Baptist Grammar School, Senior.",OGBOGBO,SENIOR, IJEBU NORTH EAST
"Ilese Comprehensive High School, Senior.",ILESE,SENIOR, IJEBU NORTH EAST
"Deyo-Tuwo Comprehensive High School, Senior.",ODODEYO,SENIOR, IJEBU NORTH EAST
"Odopotu Community High School, Odopotu.",ODOPOTU,COMBINED, IJEBU NORTH EAST
"Alaro Community High School, Odosenlu.",ODOSENLU-ALARO,COMBINED, IJEBU NORTH EAST
"Raluwen High School, Atan.",ATAN-IJEBU,COMBINED, IJEBU NORTH EAST
"Idomila Comprehensive High School, Idomila.",Idomila,COMBINED, IJEBU NORTH EAST
"Ilugun Central Academy ,Ibido/Odosenbora.",Ibido/Odosenbora,COMBINED, IJEBU NORTH EAST
"Oke-Eri Comprehensive High School, Oke-Eri.",Oke-Eri,COMBINED, IJEBU NORTH EAST
"Adenrele High Schoo (Junior), Ifo",IFO,JUNIOR, IFO
"N.U.D Grammar School (Junior),Solu",IFO,JUNIOR, IFO
Agbado District Comprehensive High School(Jnr) Oke-Aro,AGBADO,JUNIOR, IFO
"Ajuwon High School (Junior),Ajuwon",IJU AJUWON,JUNIOR, IFO
Anglican Grammar School (Junior) Okenla, OKENLA,JUNIOR, IFO
Comm. High Sch.(Junior) Ojodu-Abiodun,OJODU-ABIODU,JUNIOR, IFO
"Ifo High School (Junior),Ifo",IFO,JUNIOR, IFO
"Itoki Community High  School(Junior), Itoki.",ITOKI.,JUNIOR, IFO
"Pakoto High School (Junior), Ayede",IFO,JUNIOR, IFO
"Adenrele High Schoo (Senior), Ifo",IFO,SENIOR, IFO
"N.U.D Grammar School (Senior),Solu",SOLU,SENIOR, IFO
Agbado District Comprehensive High School(Snr) Oke-Aro,OKE -ARO,SENIOR, IFO
"Ajuwon High School (Senior),Ajuwon",IJU -AJUWON,SENIOR, IFO
Anglican Grammar School Snr Okenla, OKENLA -IFO,SENIOR, IFO
Comm. High Sch.(Snr) Ojodu-Abiodun,OJODU-ABIODU,SENIOR, IFO
"Ifo High School (Senior),Ifo",IFO,SENIOR, IFO
"Itoki Community High  School(Senior), Itoki.",ITOKI.,SENIOR, IFO
"Pakoto High School (Senior), Ayede",IFO,SENIOR, IFO
"Coker Area Comprehensive High School,Coker",IFO,COMBINED, IFO
Community High School Akute, AKUTE,COMBINED, IFO
"Community High School, Moboluwaduro",MOBOLUWADURO,COMBINED, IFO
"Community High School, Odewale ",ODEWALE,COMBINED, IFO
"Community High School,Okungbolu",IFO,COMBINED, IFO
"Community High School, Oluke",IFO,COMBINED, IFO
"Ibogun Comprehensive High School,Egbeda",IFO,COMBINED, IFO
Matogun Community High School,MATOGUN,COMBINED, IFO
"Okepata Community Community High School,Ifo",IFO,COMBINED, IFO
"Igbore Robiyan Community High School, Robiyan",ROBIYAN,COMBINED, IFO
"Olambe Community Comprehensive High School, Olambe",OLAMBE,COMBINED, IFO
"Ibogun Olaogun Community High School, Ibogun Olaogun",IBOGUN OLAOGUN,COMBINED, IFO
"Igbusi Comprehensive High School, Igbusi",IGBUSI-IFO,COMBINED, IFO
"Adenrele High Schoo (Junior), Ifo",IFO,JUNIOR, IFO
"N.U.D Grammar School (Junior),Solu",SOLU,JUNIOR, IFO
Agbado District Comprehensive High School(Jnr) Oke-Aro,AGBADO,JUNIOR, IFO
"Ajuwon High School (Junior),Ajuwon",AJUWON,JUNIOR, IFO
Anglican Grammar School (Junior) Okenla,OKENLA,JUNIOR, IFO
Comm. High Sch.(Junior) Ojodu-Abiodun,OJODU-ABIODUN,JUNIOR, IFO
"Ifo High School (Junior),Ifo",IFO,JUNIOR, IFO
"Itoki Community High  School(Junior), Itoki.",ITOKI.,JUNIOR, IFO
"Pakoto High School (Junior), Ayede",AYEDE,JUNIOR, IFO
"Adenrele High Schoo (Senior), Ifo",IFO,SENIOR, IFO
"N.U.D Grammar School (Senior),Solu",SOLU,SENIOR, IFO
Agbado District Comprehensive High School(Snr) Oke-Aro,AGBADO,SENIOR, IFO
"Ajuwon High School (Senior),Ajuwon",AJUWON,SENIOR, IFO
Anglican Grammar School Snr Okenla,OKENLA,SENIOR, IFO
Comm. High Sch.(Snr) Ojodu-Abiodun,OJODU-ABIODUN,SENIOR, IFO
"Ifo High School (Senior),Ifo", IFO,SENIOR, IFO
"Itoki Community High  School(Senior), Itoki.",ITOKI.,SENIOR, IFO
"Pakoto High School (Senior), Ayede",AYEDE,SENIOR, IFO
"Coker Area Comprehensive High School,Coker",IFO,COMBINED, IFO
Community High School Akute, AKUTE,COMBINED, IFO
"Community High School, Moboluwaduro",MOBOLUWADURO,COMBINED, IFO
"Community High School, Odewale ",ODEWALE,COMBINED, IFO
"Community High School,Okungbolu",IFO,COMBINED, IFO
"Community High School, Oluke",IFO,COMBINED, IFO
"Ibogun Comprehensive High School,Egbeda",IFO,COMBINED, IFO
Matogbun Community High School,MATOGUN,COMBINED, IFO
"Okepata Community Community High School,Ifo",IFO,COMBINED, IFO
"Igbore Robiyan Community High School, Robiyan",ROBIYAN,COMBINED, IFO
"Olambe Community Comprehensive High School, Olambe",OLAMBE,COMBINED, IFO
"Ibogun Olaogun Community High School, Ibogun Olaogun",IBOGUN OLAOGUN,COMBINED, IFO
"Igbusi Comprehensive High School, Igbusi",IGBUSI-IFO,COMBINED, IFO
"Community Commercial High School, Maun",MAUN,JUNIOR,IPOKIA
"Community Junior Secondary School, Ipokia",IPOKIA,JUNIOR,IPOKIA
"Iko Gateway Grammar School, Idiroko",IDIROKO,JUNIOR,IPOKIA
Ojumo Community Secondary School Ihunbo , IHUNBO,JUNIOR,IPOKIA
"Community High School, Tube",TUBE,JUNIOR,IPOKIA
"Agosasa Community Secondary, Agosasa",AGOSASA,JUNIOR,IPOKIA
"Igiri High School,  Ijofin", IJOFIN,JUNIOR,IPOKIA
"Alaari High School, Alaari ",ALAARI,JUNIOR,IPOKIA
"Imotu Community Commercial Academy, Ifonyintedo",IFONYINTEDO,JUNIOR,IPOKIA
"Community Commercial High School, Maun",MAUN,SENIOR,IPOKIA
"Community Secondary School, Ipokia",IPOKIA,SENIOR,IPOKIA
"Iko Gateway Grammar School, Idiroko",IDIROKO,SENIOR,IPOKIA
Ojumo Community Secondary School Ihunbo ,IHUNBO,SENIOR,IPOKIA
"Community High School, Tube",TUBE,SENIOR,IPOKIA
"Agosasa Community High School, Agosasa",AGOSASA,SENIOR,IPOKIA
"Igiri High School,  Ijofin", IJOFIN,SENIOR,IPOKIA
"Alaari High School, Alaari ",ALAARI,SENIOR,IPOKIA
"Imotu Community Commercial Academy, Ifonyintedo",IFONYINTEDO,SENIOR,IPOKIA
"Agude Communiity High School, Oniro",ONIRO,COMBINED,IPOKIA
"District High School, Ipokia ",IPOKIA,COMBINED,IPOKIA
"Ogbe Community High School, Mede-Ajegunle",MEDE-AJEGUNL,COMBINED,IPOKIA
"Tayese Community Secondary School, Ibatefin",IBATEFIN,COMBINED,IPOKIA
"Community High School, Agada",AGADA,COMBINED,IPOKIA
"Mayigi Community Comprehensive High School, Ilase",ILASE,COMBINED,IPOKIA
Comprehensive High School (Jnr) Ijebu Ife,IJEBU IFE,JUNIOR,IJEBU EAST
Itele High School (Jnr) Itele Ijebu,ITELE IJEBU,JUNIOR,IJEBU EAST
St. Anthony'S Grammar School(Jnr) Esure Ijebu Imusin,ESURE,JUNIOR,IJEBU EAST
St. Brendan'S Grammar School(Jnr)Ogbere,OGBERE,JUNIOR,IJEBU EAST
Comprehensive High School (Snr) Ijebu Ife,IJEBU IFE,SENIOR,IJEBU EAST
Itele High School (Snr) Itele Ijebu,ITELE ,SENIOR,IJEBU EAST
St. Anthony'S Grammar School (Snr) Esure Ijebu Imusin,ESURE,SENIOR,IJEBU EAST
St. Brendan'S Grammar School (Snr)Ogbere,OGBERE,SENIOR,IJEBU EAST
"Plantation High School, Area J4",AREA J4,COMBINED,IJEBU EAST
"Comprehensive High School, Ijebu Imusin",IJEBU IFE,COMBINED,IJEBU EAST
"Ajebandele High School, Ajebandele J4",AJEBANDELE ,COMBINED,IJEBU EAST
"Community Comprehensive High School, J4/J6",PLANTATION AREA J4/J6,COMBINED,IJEBU EAST
"Community Grammar School, Owu/Ikija",OWU/IKIJA,COMBINED,IJEBU EAST
"Oke-Imobi Community Grammar School, Terelu-Imobi",IMOBI,COMBINED,IJEBU EAST
"Ehin-Osun Community High School, Egbeda-Ojelana",EGBEDA,COMBINED,IJEBU EAST
"Imobi Community High School, Oke-Igbaga",OKE-IGBAGA,COMBINED,IJEBU EAST
"Community Grammar School, Ijebu - Ife",IJEBU - IFE,COMBINED,IJEBU EAST
"Awotunde High School, Ehin-Osun",EHIN-OSUN,COMBINED,IJEBU EAST
"Community High School, Olooji Area J4 ",AREA J4,COMBINED,IJEBU EAST
"Anglican Comprehensive High School, Ikoto Snr",IKOTO ,SENIOR,ODOGBOLU
"Multilateral Grammar School, Okun-Owa",OKUN-OWA,SENIOR,ODOGBOLU
"Ososa Comprehensive High School, Ososa",OSOSA,SENIOR,ODOGBOLU
"Odogbolu Comprehensive High School,Odogbolu",ODOGBOLU,SENIOR,ODOGBOLU
"Odogbolu Grammar School, Odogbolu",ODOGBOLU,SENIOR,ODOGBOLU
"Omu-Ajose Comprehensive High School, Odogbolu",OMU,SENIOR,ODOGBOLU
"Ibefun/Ilado Comprehensive High School, Ibefun",IBEFUN,SENIOR,ODOGBOLU
"Odua Comprehensive High School, Imoru",IMORU,SENIOR,ODOGBOLU
"Anglican Comprehensive High School, Ikoto",IKOTO,JUNIOR,ODOGBOLU
"Multilateral Grammar School, Okun-Owa",OKUN-OWA,JUNIOR,ODOGBOLU
"Ososa Comprehensive High School, Ososa",OSOSA,JUNIOR,ODOGBOLU
"Odogbolu Comprehensive High School,Odogbolu",ODOGBOLU,JUNIOR,ODOGBOLU
"Odogbolu Grammar School, Odogbolu",ODOGBOLU,JUNIOR,ODOGBOLU
"Omu-Ajose Comprehensive High School, Odogbolu",OMU,JUNIOR,ODOGBOLU
"Ibefun/Ilado Comprehensive High School, Ibefun",IBEFUN,JUNIOR,ODOGBOLU
"Odua Comprehensive High School, Imoru",IMORU,JUNIOR,ODOGBOLU
"Aiyepe Comprehensive High School, Aiyepe",AIYEPE,COMBINED,ODOGBOLU
"Community Grammar School, Aiyepe",AIYEPE,COMBINED,ODOGBOLU
"Idowa Comprehensive High School, Idowa",IDOWA,COMBINED,ODOGBOLU
"Igbile Community High School, Igbile",IGBILE,COMBINED,ODOGBOLU
"Ijebu Sounthern District Grammar School, Ala",ALA,COMBINED,ODOGBOLU
"Ogbo Community Comprehensive High School, Ogbo",OGBO,COMBINED,ODOGBOLU
Ifesowapo Comprehensive High School,IMODI/IMOSAN,COMBINED,ODOGBOLU
"Ikangba Comprehensive High School, Ikangba",IKANGBA,COMBINED,ODOGBOLU
"Imodi-Ijasi Comprehensive High School, Imodi",IMODI IJASI,COMBINED,ODOGBOLU
"Moraika Comprehensive High School, Atiba",ATIBA,COMBINED,ODOGBOLU
"Imagbon/Imaka Comprehensive High School, Imagbo",IMAGBON,COMBINED,ODOGBOLU
"Titilayo Agbaje Memorial Comprehensive High School, Imosan",IMODI/IMOSAN,COMBINED,ODOGBOLU
Adeola Odutola College,IJEBU ODE,SENIOR,IJEBU ODE
Anglican Girls Grammar School,IJEBU ODE,SENIOR,IJEBU ODE
"Ansar-Ud-Deen High School, Ijebu-Ode",IJEBU ODE,SENIOR,IJEBU ODE
"Christ Church High School, Sabo",IJEBU ODE,SENIOR,IJEBU ODE
"Ijebu Muslim College, Ijebu-Ode",IJEBU ODE,SENIOR,IJEBU ODE
"Ijebu-Ode Grammar School, Ijebu-Ode",IJEBU ODE,SENIOR,IJEBU ODE
Luba Comprehensive School,IJEBU ODE,SENIOR,IJEBU ODE
"Molipa High School, Ijebu-Ode",IJEBU ODE,SENIOR,IJEBU ODE
Moslem Comprehensive High School,IJEBU ODE,SENIOR,IJEBU ODE
"Muslim Girls High School, Ijebu-Ode",IJEBU ODE,SENIOR,IJEBU ODE
Our Lady Of Apostles Secondary School,IJEBU ODE,SENIOR,IJEBU ODE
Adeola Odutola College,IJEBU ODE,JUNIOR,IJEBU ODE
Anglican Girls Gram. Sch.,IJEBU ODE,JUNIOR,IJEBU ODE
Ansar-Ud-Deen High. Sch. Ijebu-Ode,IJEBU ODE,JUNIOR,IJEBU ODE
Christ Church High School,IJEBU ODE,JUNIOR,IJEBU ODE
"Ijebu Muslim College, Ijebu-Ode",IJEBU ODE,JUNIOR,IJEBU ODE
Ijebu-Ode Gram. Sch.,IJEBU ODE,JUNIOR,IJEBU ODE
Luba Comp. High School,IJEBU ODE,JUNIOR,IJEBU ODE
Molipa High School,IJEBU ODE,JUNIOR,IJEBU ODE
Moslem Comp. High School,IJEBU ODE,JUNIOR,IJEBU ODE
Muslim Girls High Sch.,IJEBU ODE,JUNIOR,IJEBU ODE
Our Lady Of Apostles Secondary School,IJEBU ODE,JUNIOR,IJEBU ODE
"Ansar-Ud-Deen High School, Isinwo",ISINWO,COMBINED,IJEBU ODE
"Itamapako High School, Iloti",ILOTI,COMBINED,IJEBU ODE
"Obafemi Awolowo Comp. High School, Odonoko",ODONOKO,COMBINED,IJEBU ODE
